<?xml version="1.0"?>
<skin version="2.2" name="madsonic" author="SolidSynDesign">

	<settings>
		<setting name="backcolor" value="0x000000" />
		<setting name="frontcolor" value="0xFFFFFF" />
		<setting name="lightcolor" value="0x989898" />
		<setting name="screencolor" value="0x000000" />
	</settings>

	<components>
		<component name="controlbar">
			<settings>
				<setting name="margin" value="4" />
				<setting name="fontsize" value="1" />
				<setting name="fontcolor" value="0x000000" />
			</settings>

			<elements>
				<element name="background" src="background.png" />

				<element name="fullscreenButton" src="fullscreenButton.png" />
				<element name="fullscreenButtonOver" src="fullscreenButtonOver.png" />
				
				<element name="normalscreenButton" src="normalscreenButton.png" />
				<element name="normalscreenButtonOver" src="normalscreenButtonOver.png" />
			</elements>
		</component>
		
		<component name="display">
      			<settings>
         			<setting name='backgroundcolor' value='0x000000' />
         			<setting name="bufferinterval" value="100" />
				<setting name="bufferrotation" value="25" />
      			</settings>
			<elements>
				<element name="background" src="back.png" />
				<element name="playIcon" src="play.png" />
				<element name="muteIcon" src="mute.png" />
				<element name="errorIcon" src="error.png" />
				<element name="bufferIcon" src="buffer.png" />
			</elements>
		</component>
		
		<component name="dock">
		   <settings>
      			<setting name='fontcolor' value='0xFFFFFF' />
		   </settings>
			<elements>
				<element name="button" src="button.png" />
				<element name="buttonOver" src="buttonOver.png" />
			</elements>
		</component>
		
		<component name="playlist">
			<settings>
				<setting name="fontcolor" value="0xFFFFFF" />
				<setting name="overcolor" value="0xFFF300" />
				<setting name="activecolor" value="0x989898" />
				<setting name="backgroundcolor" value="0x000000" />
			</settings>
			<elements>
				<element name="item" src="item.png" />
				<element name="itemOver" src="itemOver.png" />
				<element name="itemImage" src="itemImage.png" />
				<element name="sliderRail" src="sliderRail.png" />
				<element name="sliderThumb" src="sliderThumb.png" />
				<element name="sliderCapTop" src="sliderCapTop.png" />
				<element name="sliderCapBottom" src="sliderCapBottom.png" />
				<element name="background" src="background.png" />
			</elements>
		</component>
		
		<component name="hd">
			<elements>
				<element name="dockIcon" src="dockIcon.png" />
				<element name="controlbarIcon" src="controlbarIcon.png" />
			</elements>
		</component>

		<component name="sharing">
			<elements>
				<element name="embedScreen" src="embedScreen.png" />
				<element name="shareScreen" src="shareScreen.png" />
			</elements>
		</component>

	</components>

</skin>